[
    {
        "name" : "Elham",
        "id" : "1",
        "src" : "./avatarImg.png",
        "messeges" : [
            {
                "messegeText" : "hello!",
                "createdAt" : "12:02",
                "self" : true,
                "id" : "1"
            },
            {
                "messegeText" : "how are you!",
                "createdAt" : "14:02",
                "self" : false,
                "id" : "2"
            },
            {
                "messegeText" : "fine thank you!",
                "createdAt" : "12:58",
                "self" : true,
                "id" : "3"
            }
        ]
    },
    {
        "name" : "chester",
        "id" : "2",
        "src" : "./avatarImg.png",
        "messeges" : [
            {
                "messegeText" : "happy chrismas!",
                "createdAt" : "12:02",
                "self" : true,
                "id" : "1"
            },
            {
                "messegeText" : "hi!",
                "createdAt" : "20:02",
                "self" : false,
                "id" : "2"
            },
            {
                "messegeText" : "happy new year!",
                "createdAt" : "23:02",
                "self" : true,
                "id" : "3"
            }
        ]
    },
    {
        "name" : "mary",
        "id" : "3",
        "src" : "./avatarImg.png",
        "messeges" : [
            {
                "messegeText" : "hello!",
                "createdAt" : "12:02",
                "self" : true,
                "id" : "1"
            },
            {
                "messegeText" : "hellooo!",
                "createdAt" : "12:02",
                "self" : false,
                "id" : "2"
            },
            {
                "messegeText" : "hello everybody how are you doning?",
                "createdAt" : "2:45",
                "self" : true,
                "id" : "3"
            }
        ]
    },
    {
        "name" : "gerald",
        "id" : "4",
        "src" : "./avatarImg.png",
        "messeges" : [
            {
                "messegeText" : "hi!",
                "createdAt" : "12:02",
                "self" : true,
                "id" : "1"
            },
            {
                "messegeText" : "hi there!",
                "createdAt" : "12:02",
                "self" : false,
                "id" : "2"
            },
            {
                "messegeText" : "thats great!!",
                "createdAt" : "18:30",
                "self" : true,
                "id" : "3"
            }
        ]
    }
]